<?xml version="1.0" encoding="UTF-8"?>
<con:soapui-project id="cdbfb424-450f-4e7c-97d0-e1e5b8492f27" activeEnvironment="Default" name="REST Project 1" soapui-version="5.3.0" xmlns:con="http://eviware.com/soapui/config"><con:settings/><con:interface xsi:type="con:RestService" id="db4413dd-d769-4187-aa51-4dbb6cc2b441" wadlVersion="http://wadl.dev.java.net/2009/02" name="http://localhost:8081" type="rest" xmlns:xsi="http://www.w3.org/2001/XMLSchema-instance"><con:settings/><con:definitionCache/><con:endpoints><con:endpoint>http://localhost:8081</con:endpoint></con:endpoints><con:resource name="Xml" path="/BloodBankService/rest/costCompute/xml" id="a28d3b32-b9e1-4911-aef2-ace95c539681"><con:settings/><con:parameters><con:parameter><con:name>quantity</con:name><con:value>1000</con:value><con:style>QUERY</con:style><con:default>1000</con:default><con:path xsi:nil="true"/><con:description xsi:nil="true"/></con:parameter><con:parameter><con:name>bloodGroup</con:name><con:value>AB </con:value><con:style>QUERY</con:style><con:default>AB </con:default><con:path xsi:nil="true"/><con:description xsi:nil="true"/></con:parameter><con:parameter><con:name>donorType</con:name><con:value>H</con:value><con:style>QUERY</con:style><con:default>H</con:default><con:path xsi:nil="true"/><con:description xsi:nil="true"/></con:parameter></con:parameters><con:method name="Xml 1" id="f8b2a9af-dad7-4ce5-b90c-216f50a2b00d" method="GET"><con:settings/><con:parameters/><con:representation type="RESPONSE"><con:mediaType>application/xml</con:mediaType><con:status>200</con:status><con:params/><con:element>result</con:element></con:representation><con:request name="Request 1" id="9eba7a84-d2f7-4fe0-92a1-ce147d68585d" mediaType="application/json"><con:settings><con:setting id="com.eviware.soapui.impl.wsdl.WsdlRequest@request-headers">&lt;xml-fragment/></con:setting></con:settings><con:endpoint>http://localhost:8081</con:endpoint><con:request/><con:originalUri>http://localhost/BloodBankService/rest/costCompute/xml</con:originalUri><con:credentials><con:authType>No Authorization</con:authType></con:credentials><con:jmsConfig JMSDeliveryMode="PERSISTENT"/><con:jmsPropertyConfig/><con:parameters>
  <con:entry key="donorType" value="H"/>
  <con:entry key="bloodGroup" value="AB+"/>
  <con:entry key="quantity" value="1000"/>
</con:parameters><con:parameterOrder><con:entry>quantity</con:entry><con:entry>bloodGroup</con:entry><con:entry>donorType</con:entry></con:parameterOrder></con:request></con:method></con:resource></con:interface><con:properties/><con:wssContainer/><con:oAuth2ProfileContainer/><con:oAuth1ProfileContainer/></con:soapui-project>